user_login,user_email,user_pass,first_name,last_name,display_name,role
Rebeka,rmacadam0@photobucket.com,,Rebeka,,Rebeka,subscriber
Rayna,rdragon1@geocities.jp,,Rayna,,Rayna,author
Reine,rshimmin2@example.com,,Reine,,Reine,author
Lorenza,lhalleybone3@ibm.com,,Lorenza,,Lorenza,author
Pammie,ppippard4@businessweek.com,,Pammie,,Pammie,author
Adham,amcmakin5@hatena.ne.jp,,Adham,,Adham,subscriber
Cirillo,crimell6@google.com.br,,Cirillo,,Cirillo,editor
Essie,egalland7@ucla.edu,,Essie,,Essie,subscriber
Charmane,csliman8@bloglines.com,,Charmane,,Charmane,subscriber
Sidonia,smaxsted9@chron.com,,Sidonia,,Sidonia,subscriber
Artemus,apilsburya@de.vu,,Artemus,,Artemus,author
Ivar,iovershottb@symantec.com,,Ivar,,Ivar,editor
Franklyn,fclackersc@is.gd,,Franklyn,,Franklyn,author
Tilly,tmacklind@twitter.com,,Tilly,,Tilly,author
Anissa,aeichmanne@huffingtonpost.com,,Anissa,,Anissa,subscriber
Marinna,mdysertf@1688.com,,Marinna,,Marinna,subscriber
Tressa,tumang@cbslocal.com,,Tressa,,Tressa,subscriber
Allard,abrushneenh@wikimedia.org,,Allard,,Allard,author
Kyle,kjelleyi@csmonitor.com,,Kyle,,Kyle,author
Gretchen,gtoynej@adobe.com,,Gretchen,,Gretchen,author
Winna,wharkinsk@elpais.com,,Winna,,Winna,subscriber
Nelia,nsorleyl@github.io,,Nelia,,Nelia,subscriber
Collin,cmckimmm@myspace.com,,Collin,,Collin,author
Dirk,dkeedwelln@harvard.edu,,Dirk,,Dirk,editor
Dara,dbritteno@lulu.com,,Dara,,Dara,subscriber
Moise,mwhiterodp@xrea.com,,Moise,,Moise,editor
Charley,ctoffoloq@elegantthemes.com,,Charley,,Charley,editor
Hunt,hcokayner@alibaba.com,,Hunt,,Hunt,editor
Faulkner,fbortols@google.cn,,Faulkner,,Faulkner,editor
Maridel,mmoylanet@constantcontact.com,,Maridel,,Maridel,editor
Quinton,qchatten0@simplemachines.org,,Quinton,,Quinton,editor
Janek,jpardey1@istockphoto.com,,Janek,,Janek,editor
Kalie,kmccorkell2@addtoany.com,,Kalie,,Kalie,editor
